player,player_id,mu,sigma,form,tss_ott,tss_app,tss_arg,tss_putt,TalentScore,Tier,Overall2K,Driving2K,Approach2K,ShortGame2K,Putting2K,Consistency2K,DogFactor2K
Scottie Scheffler,46046,0.89185,0.44526424738575177,0.89185,0.748,1.291,0.322,0.382,0.89185,S,99,98,99,89,87,78,99
Tommy Fleetwood,30911,0.47375,0.21437875361145284,0.47375,0.242,0.711,0.272,0.404,0.47375,S,89,90,91,88,87,91,98
Collin Morikawa,50525,0.45275000000000004,0.4929658541251446,0.45275000000000004,0.492,0.765,-0.052,-0.313,0.45275000000000004,S,89,94,91,77,73,76,89
J.J. Spaun,39324,0.43324999999999997,0.3196679266572318,0.43324999999999997,0.291,0.738,0.017,0.113,0.43324999999999997,S,88,90,91,79,82,85,94
Viktor Hovland,46717,0.42844999999999994,0.4988460016210748,0.42844999999999994,0.099,0.945,-0.13,-0.07,0.42844999999999994,S,88,87,94,74,78,76,89
Rico Hoey,51696,0.39995,0.7788921084891454,0.39995,0.678,0.667,-0.044,-0.97,0.39995,S,87,97,90,77,60,60,79
Sepp Straka,49960,0.38625000000000004,0.3077260686606407,0.38625000000000004,0.228,0.677,-0.07,0.237,0.38625000000000004,S,87,89,90,76,84,86,93
Russell Henley,34098,0.37029999999999996,0.2268250059700943,0.37029999999999996,0.071,0.577,0.449,0.22,0.37029999999999996,S,87,87,89,94,84,90,96
Patrick Cantlay,35450,0.36469999999999997,0.22598875340747968,0.36469999999999997,0.298,0.564,0.04,0.155,0.36469999999999997,S,86,91,89,80,82,90,95
Shane Lowry,33204,0.36345000000000005,0.39230855203525705,0.36345000000000005,0.084,0.765,0.042,-0.123,0.36345000000000005,S,86,87,91,80,77,81,90
Rory McIlroy,28237,0.34935000000000005,0.2886813410434881,0.34935000000000005,0.671,0.157,0.118,0.597,0.34935000000000005,S,86,97,83,82,91,87,93
Kurt Kitayama,48117,0.33415000000000006,0.3505475478923413,0.33415000000000006,0.535,0.389,0.17,-0.269,0.33415000000000006,S,86,95,86,84,74,84,91
Ben Griffin,54591,0.33215,0.15417414396281454,0.33215,0.196,0.466,0.153,0.407,0.33215,S,86,89,87,84,87,94,97
Aaron Rai,46414,0.32965,0.28243996412217115,0.32965,0.391,0.476,0.077,-0.134,0.32965,S,86,92,87,81,77,87,93
Si Woo Kim,37455,0.30995,0.3716910679583248,0.30995,0.343,0.425,0.35,-0.367,0.30995,S,85,91,87,90,72,82,89
Nicolai H√∏jgaard,52453,0.3094,0.3635652165247201,0.3094,0.212,0.6,-0.288,0.19,0.3094,S,85,89,89,69,83,83,90
Kevin Yu,45242,0.30355000000000004,0.3358108346475239,0.30355000000000004,0.615,0.31,-0.145,0.013,0.30355000000000004,S,85,96,85,73,80,84,91
Ben Kohles,36884,0.2882,0.4891686825625696,0.2882,0.161,0.656,-0.016,-0.529,0.2882,S,85,88,90,78,69,76,86
Daniel Berger,40026,0.28550000000000003,0.3509818371369094,0.28550000000000003,0.414,0.456,-0.192,-0.151,0.28550000000000003,S,85,93,87,72,76,83,90
Keegan Bradley,33141,0.28075,0.21286517642238556,0.28075,0.316,0.278,0.443,-0.056,0.28075,S,84,91,84,93,78,91,94
Doug Ghim,52375,0.26765000000000005,0.5874935460638413,0.26765000000000005,0.297,0.531,0.136,-0.808,0.26765000000000005,S,84,91,88,83,63,71,82
Xander Schauffele,48081,0.2621,0.32784295020634496,0.2621,0.076,0.578,-0.016,-0.184,0.2621,S,84,87,89,78,76,85,90
Akshay Bhatia,56630,0.25794999999999996,0.3477609332093912,0.25794999999999996,0.024,0.575,-0.238,0.277,0.25794999999999996,S,84,86,89,70,85,84,90
Robert MacIntyre,52215,0.24935,0.08780470754274321,0.24935,0.228,0.312,0.103,0.251,0.24935,S,84,89,85,82,84,98,98
Pierceson Coody,59836,0.24929999999999997,0.41392058417044203,0.24929999999999997,0.789,0.058,-0.006,-0.126,0.24929999999999997,S,84,99,81,78,77,80,87
Corey Conners,39997,0.2485,0.24100121023209267,0.2485,0.388,0.315,-0.153,0.133,0.2485,S,84,92,85,73,82,89,93
Lee Hodges,54628,0.24575,0.2015324622321013,0.24575,0.075,0.465,0.056,0.056,0.24575,S,84,87,87,80,80,92,94
Jordan Spieth,34046,0.2432,0.0671782454866653,0.2432,0.313,0.23,0.204,0.152,0.2432,S,84,91,84,85,82,99,98
Justin Thomas,33448,0.24250000000000002,0.12026221351696467,0.24250000000000002,0.078,0.325,0.259,0.34,0.24250000000000002,S,84,87,85,87,86,96,96
Lucas Glover,25900,0.23435,0.3191603567696548,0.23435,0.117,0.458,0.165,-0.316,0.23435,S,83,87,87,84,73,85,89
Hideki Matsuyama,32839,0.23419999999999996,0.34093437785004904,0.23419999999999996,-0.171,0.483,0.477,-0.034,0.23419999999999996,S,83,82,87,94,79,84,89
Victor Perez,47679,0.23179999999999998,0.28812656362554745,0.23179999999999998,0.09,0.479,-0.215,0.215,0.23179999999999998,S,83,87,87,71,84,87,91
Ryan Gerard,59018,0.23095,0.31585162655905386,0.23095,0.16,0.457,0.054,-0.308,0.23095,S,83,88,87,80,73,85,89
Bud Cauley,34021,0.22644999999999998,0.15698089055678083,0.22644999999999998,0.149,0.377,0.002,0.118,0.22644999999999998,S,83,88,86,78,82,94,95
Nick Taylor,25493,0.2201,0.18366364183837075,0.2201,0.002,0.427,0.097,0.128,0.2201,S,83,85,87,82,82,92,93
Taylor Pendrith,40250,0.2179,0.2593993060900511,0.2179,0.542,0.128,-0.034,0.028,0.2179,S,83,95,82,77,80,88,91
Keith Mitchell,39546,0.20715,0.31014297778067884,0.20715,0.533,0.172,-0.193,-0.012,0.20715,A,83,95,83,72,79,86,90
Maverick McNealy,46442,0.20525000000000002,0.18605554726120546,0.20525000000000002,0.185,0.28,-0.075,0.35,0.20525000000000002,A,83,89,84,76,86,92,93
Michael Kim,39975,0.20145,0.16539321832126813,0.20145,0.043,0.368,0.155,-0.003,0.20145,A,83,86,86,84,79,93,94
Chris Kirk,30926,0.19895000000000002,0.2848678055987841,0.19895000000000002,0.12,0.388,0.123,-0.301,0.19895000000000002,A,83,87,86,83,73,87,91
Thorbj√∏rn Olesen,33968,0.19840000000000002,0.13616778865306825,0.19840000000000002,0.22,0.209,0.021,0.352,0.19840000000000002,A,83,89,83,79,86,95,95
Gary Woodland,31323,0.19675,0.35965075652174944,0.19675,0.248,0.364,-0.429,0.229,0.19675,A,82,90,86,64,84,83,87
Steven Fisk,57123,0.19095,0.37838164155607057,0.19095,0.392,0.202,0.197,-0.471,0.19095,A,82,92,83,85,70,82,87
Michael Thorbjornsen,57364,0.18874999999999997,0.3565674316778431,0.18874999999999997,0.588,0.123,-0.226,-0.091,0.18874999999999997,A,82,96,82,71,78,83,87
Joseph Bramlett,34255,0.18669999999999998,0.579508052863231,0.18669999999999998,0.308,0.281,0.349,-0.845,0.18669999999999998,A,82,91,84,90,62,71,81
Alex Smalley,46340,0.18309999999999998,0.16607628769132976,0.18309999999999998,0.409,0.083,0.125,0.043,0.18309999999999998,A,82,92,82,83,80,93,93
Emiliano Grillo,31646,0.181,0.264604106796046,0.181,0.184,0.303,-0.261,0.286,0.181,A,82,89,85,70,85,88,90
Adam Scott,24502,0.1754,0.19211801928328673,0.1754,0.348,0.17,0.03,-0.1,0.1754,A,82,91,83,79,77,92,93
Sami Valimaki,52666,0.17300000000000004,0.44370363607555297,0.17300000000000004,-0.301,0.516,-0.158,0.548,0.17300000000000004,A,82,80,88,73,90,79,85
Thomas Rosenmueller,60882,0.16975,0.5154120519868868,0.16975,0.353,0.406,-0.385,-0.611,0.16975,A,82,91,86,65,67,75,83
Davis Thompson,58168,0.1689,0.31138989493345265,0.1689,0.463,0.087,0.137,-0.297,0.1689,A,82,93,82,83,73,86,89
Chris Gotterup,59095,0.1687,0.28019814417658084,0.1687,0.566,-0.013,0.029,0.004,0.1687,A,82,95,80,79,79,87,90
Ludvig √Öberg,52955,0.1629,0.2746141232104909,0.1629,0.524,0.037,-0.107,0.051,0.1629,A,82,94,81,75,80,88,90
Greyson Sigg,51890,0.15680000000000002,0.3494809246105811,0.15680000000000002,0.051,0.392,0.07,-0.454,0.15680000000000002,A,82,86,86,81,70,84,88
Henrik Norlander,30163,0.15525000000000003,0.4595007254256153,0.15525000000000003,-0.297,0.667,-0.214,-0.237,0.15525000000000003,A,81,80,90,71,75,78,84
Patrick Fishburn,54576,0.15195,0.1357531460654473,0.15195,0.263,0.144,-0.059,0.171,0.15195,A,81,90,82,76,83,95,93
Antoine Rozner,46646,0.1476,0.3733241442321494,0.1476,0.065,0.462,-0.32,-0.318,0.1476,A,81,87,87,68,73,82,86
Ricky Castillo,59440,0.1448,0.20626196934965982,0.1448,0.36,0.06,0.156,-0.136,0.1448,A,81,92,81,84,77,91,91
Ryan Fox,29936,0.14470000000000002,0.15966945021929943,0.14470000000000002,-0.047,0.303,0.021,0.193,0.14470000000000002,A,81,85,85,79,83,94,93
Luke Clanton,66743,0.14109999999999998,0.3076404828150331,0.14109999999999998,0.313,0.243,-0.235,-0.269,0.14109999999999998,A,81,91,84,70,74,86,88
Mac Meissner,59143,0.14020000000000002,0.24416592718886887,0.14020000000000002,-0.17,0.34,0.276,-0.032,0.14020000000000002,A,81,82,85,88,79,89,90
Zac Blair,40058,0.13930000000000003,0.359557598538352,0.13930000000000003,-0.286,0.537,-0.017,-0.14,0.13930000000000003,A,81,80,88,78,77,83,87
Matt Fitzpatrick,40098,0.1331,0.11013136095893244,0.1331,0.103,0.123,0.095,0.326,0.1331,A,81,87,82,82,86,96,94
Max McGreevy,51950,0.129,0.23366642891095846,0.129,0.402,0.072,-0.108,-0.078,0.129,A,81,92,81,75,78,90,91
Kevin Roy,39335,0.12134999999999999,0.13188505095979097,0.12134999999999999,0.289,0.032,0.011,0.186,0.12134999999999999,A,81,90,81,79,83,95,93
Harry Hall,57975,0.11735000000000001,0.44013511183120424,0.11735000000000001,-0.069,-0.017,0.384,0.881,0.11735000000000001,A,81,84,80,91,97,79,84
Jesper Svensson,57586,0.11695000000000003,0.3056015924914878,0.11695000000000003,0.553,-0.127,0.092,-0.056,0.11695000000000003,A,81,95,79,81,78,86,88
J.T. Poston,49771,0.11380000000000001,0.0690965508063415,0.11380000000000001,0.158,0.076,0.188,0.04,0.11380000000000001,A,81,88,82,85,80,99,96
Austin Eckroat,57362,0.11305000000000003,0.29921048889814456,0.11305000000000003,0.213,0.252,-0.397,-0.047,0.11305000000000003,A,80,89,84,65,78,86,87
Ryo Hisatsune,51287,0.11164999999999999,0.17521296565418135,0.11164999999999999,0.143,0.151,0.142,-0.205,0.11164999999999999,A,80,88,83,83,75,93,91
Jake Knapp,47420,0.108,0.24623092142675068,0.108,0.248,0.003,-0.089,0.456,0.108,A,80,90,80,75,88,89,89
Rickie Fowler,32102,0.10435,0.14370890717001505,0.10435,0.285,0.042,-0.057,0.085,0.10435,A,80,90,81,76,81,95,93
Cameron Young,57366,0.09855,0.35038883163327755,0.09855,0.317,-0.124,-0.033,0.642,0.09855,B,80,91,79,77,92,84,86
Jhonattan Vegas,27064,0.09030000000000002,0.24166005738088644,0.09030000000000002,0.262,0.123,-0.101,-0.285,0.09030000000000002,B,80,90,82,75,74,89,89
Joel Dahmen,34076,0.08960000000000001,0.20931694468755588,0.08960000000000001,0.188,0.163,-0.107,-0.241,0.08960000000000001,B,80,89,83,75,75,91,90
Harris English,34099,0.08875,0.22649705664018388,0.08875,0.26,-0.07,0.003,0.418,0.08875,B,80,90,79,78,88,90,90
Sam Burns,47504,0.08689999999999999,0.5010730984596958,0.08689999999999999,0.146,-0.118,-0.014,0.983,0.08689999999999999,B,80,88,79,78,99,75,81
Denny McCarthy,47993,0.07750000000000001,0.3999928124354237,0.07750000000000001,-0.258,0.202,-0.026,0.679,0.07750000000000001,B,80,81,83,78,93,81,85
Matt Wallace,48887,0.069,0.2704334483750115,0.069,-0.163,0.093,0.483,0.036,0.069,B,79,83,82,95,80,88,88
Garrick Higgo,54421,0.06895,0.3291426995494001,0.06895,0.127,-0.114,0.107,0.661,0.06895,B,79,88,79,82,93,85,86
Aldrich Potgieter,63343,0.06604999999999997,0.403368627932317,0.06604999999999997,0.572,-0.137,-0.37,0.116,0.06604999999999997,B,79,95,78,66,82,81,84
Jackson Suber,60019,0.06230000000000001,0.1947688801289022,0.06230000000000001,-0.136,0.27,-0.146,0.035,0.06230000000000001,B,79,83,84,73,80,92,90
Seamus Power,28252,0.05714999999999999,0.14263794492817589,0.05714999999999999,0.057,0.107,0.08,-0.201,0.05714999999999999,B,79,86,82,81,75,95,92
Matt McCarty,59141,0.05385,0.21183484132691677,0.05385,0.09,-0.055,0.054,0.435,0.05385,B,79,87,80,80,88,91,89
Stephan Jaeger,36799,0.053750000000000006,0.3102626575446466,0.053750000000000006,-0.371,0.22,0.273,0.251,0.053750000000000006,B,79,79,84,88,84,86,87
Chan Kim,34587,0.052800000000000014,0.26583375130583653,0.052800000000000014,-0.195,0.269,0.131,-0.294,0.052800000000000014,B,79,82,84,83,73,88,88
Niklas Norgaard,35706,0.052750000000000005,0.47291956680461705,0.052750000000000005,0.626,-0.177,-0.476,0.16,0.052750000000000005,B,79,96,78,62,83,77,82
Brian Harman,27644,0.050550000000000005,0.062130910181647916,0.050550000000000005,-0.015,0.069,0.134,0.039,0.050550000000000005,B,79,85,81,83,80,99,94
Matti Schmid,48867,0.04615000000000001,0.2513622883409522,0.04615000000000001,0.113,0.059,-0.298,0.304,0.04615000000000001,B,79,87,81,68,85,89,88
Mark Hubbard,36801,0.04415000000000001,0.10594456097412458,0.04415000000000001,-0.02,0.091,-0.056,0.176,0.04415000000000001,B,79,85,82,76,83,97,93
Justin Rose,22405,0.04185,0.22659416732711074,0.04185,-0.254,0.25,-0.067,0.156,0.04185,B,79,81,84,76,82,90,89
Matt Kuchar,23108,0.04075,0.2758991361590923,0.04075,-0.263,0.098,0.257,0.37,0.04075,B,79,81,82,87,87,88,88
Andrew Novak,51997,0.039850000000000003,0.10793014716318451,0.039850000000000003,0.042,-0.036,0.155,0.202,0.039850000000000003,B,79,86,80,84,83,97,93
David Skinns,27139,0.03964999999999998,0.23784168403933456,0.03964999999999998,-0.21,0.291,-0.044,-0.217,0.03964999999999998,B,79,82,85,77,75,90,89
Jason Day,28089,0.03899999999999999,0.1734212116976083,0.03899999999999999,0.092,-0.113,0.301,0.171,0.03899999999999999,B,79,87,79,89,83,93,91
Nico Echavarria,51349,0.037800000000000014,0.41674012685765377,0.037800000000000014,-0.058,0.081,-0.319,0.666,0.037800000000000014,B,79,84,82,68,93,80,83
Andrew Putnam,34256,0.035800000000000005,0.5491401612217656,0.035800000000000005,-0.69,0.287,0.465,0.439,0.035800000000000005,B,79,73,85,94,88,73,79
Lanto Griffin,35310,0.0353,0.13723945011062477,0.0353,-0.075,0.153,-0.137,0.095,0.0353,B,79,84,83,74,81,95,92
Vince Whaley,51894,0.03135,0.1523512936166499,0.03135,-0.001,-0.054,0.199,0.261,0.03135,B,79,85,80,85,85,94,91
Tom Kim,55182,0.02645000000000001,0.19467665499489145,0.02645000000000001,-0.204,0.152,0.197,-0.103,0.02645000000000001,B,78,82,83,85,77,92,89
Kris Ventura,35658,0.026199999999999998,0.18563315077503442,0.026199999999999998,0.116,-0.036,-0.14,0.286,0.026199999999999998,B,78,87,80,74,85,92,89
Nick Hardy,47988,0.02525,0.1835701500789276,0.02525,0.131,0.086,-0.237,-0.172,0.02525,B,78,88,82,70,76,92,89
Carson Young,52513,0.023700000000000002,0.21602777599188488,0.023700000000000002,0.17,0.072,-0.318,-0.12,0.023700000000000002,B,78,88,81,68,77,91,89
David Lipsky,36326,0.02365000000000001,0.2812981810582263,0.02365000000000001,-0.258,0.266,0.091,-0.323,0.02365000000000001,B,78,81,84,81,73,87,86
Erik van Rooyen,40006,0.019449999999999988,0.24753316276140996,0.019449999999999988,0.186,0.017,-0.026,-0.401,0.019449999999999988,B,78,89,81,78,71,89,87
Isaiah Salinda,56781,0.018299999999999983,0.46021915069526026,0.018299999999999983,0.516,-0.133,-0.107,-0.606,0.018299999999999983,B,78,94,78,75,67,78,81
Nate Lashley,28775,0.01575,0.12423767544509193,0.01575,-0.105,0.147,-0.042,-0.126,0.01575,B,78,84,83,77,77,96,91
Trey Mullinax,46601,0.011600000000000001,0.13314997809487866,0.011600000000000001,0.045,0.06,-0.218,0.038,0.011600000000000001,B,78,86,81,71,80,95,91
Adam Svensson,40115,0.011550000000000012,0.4050468079946645,0.011550000000000012,-0.253,0.238,0.255,-0.579,0.011550000000000012,C,78,81,84,87,68,81,83
Sam Stevens,55893,0.011299999999999994,0.237238803740029,0.011299999999999994,0.302,-0.25,0.182,0.059,0.011299999999999994,C,78,91,77,85,81,90,88
Max Greyserman,51977,0.011200000000000005,0.15509137091835037,0.011200000000000005,-0.074,-0.03,0.138,0.262,0.011200000000000005,C,78,84,80,83,85,94,90
Sam Ryder,37275,0.0077000000000000055,0.36790669106899015,0.0077000000000000055,-0.198,0.041,-0.093,0.626,0.0077000000000000055,C,78,82,81,75,92,83,84
Rasmus H√∏jgaard,52686,0.0026999999999999975,0.12359173381204208,0.0026999999999999975,0.183,-0.098,-0.022,-0.048,0.0026999999999999975,C,78,89,79,78,78,96,91
Alejandro Tosti,38991,-0.0002500000000000141,0.40906590748517124,-0.0002500000000000141,0.352,-0.162,0.167,-0.58,-0.0002500000000000141,C,78,91,78,84,68,80,82
Patrick Rodgers,36699,-0.002000000000000012,0.11487094207558905,-0.002000000000000012,0.118,-0.129,0.111,0.04,-0.002000000000000012,C,78,87,79,82,80,96,91
Taylor Moore,49947,-0.013450000000000004,0.24331735107331193,-0.013450000000000004,0.147,-0.207,0.32,-0.124,-0.013450000000000004,C,77,88,77,89,77,89,87
Eric Cole,47591,-0.014849999999999985,0.33130688190860147,-0.014849999999999985,-0.476,0.189,0.138,0.222,-0.014849999999999985,C,77,77,83,83,84,85,84
Thomas Detry,33653,-0.022350000000000002,0.16010205078844764,-0.022350000000000002,0.169,-0.164,-0.079,0.126,-0.022350000000000002,C,77,88,78,76,82,94,89
Jacob Bridgeman,60004,-0.022550000000000008,0.2304358189749733,-0.022550000000000008,-0.087,-0.111,0.098,0.388,-0.022550000000000008,C,77,84,79,82,87,90,87
Thriston Lawrence,45523,-0.024000000000000007,0.22519824599672175,-0.024000000000000007,0.231,-0.099,-0.117,-0.312,-0.024000000000000007,C,77,89,79,74,73,90,87
Christiaan Bezuidenhout,45522,-0.02754999999999999,0.3727361667453267,-0.02754999999999999,-0.38,-0.014,0.313,0.458,-0.02754999999999999,C,77,79,80,89,89,82,83
Chad Ramey,47983,-0.03849999999999999,0.13663088962602857,-0.03849999999999999,0.013,-0.107,-0.089,0.191,-0.03849999999999999,C,77,86,79,75,83,95,90
Trevor Cone,49453,-0.03899999999999999,0.26339830422131927,-0.03899999999999999,0.277,-0.149,-0.133,-0.351,-0.03899999999999999,C,77,90,78,74,72,88,86
Byeong Hun An,33948,-0.03965000000000002,0.38412064077144653,-0.03965000000000002,0.389,-0.318,0.181,-0.404,-0.03965000000000002,C,77,92,76,84,71,82,83
William Mouw,63121,-0.03970000000000001,0.27435621613758515,-0.03970000000000001,0.296,-0.257,-0.203,0.176,-0.03970000000000001,C,77,90,77,72,83,88,86
Ben Martin,33413,-0.04025,0.09609500507310462,-0.04025,-0.169,0.007,0.028,0.031,-0.04025,C,77,82,81,79,80,97,91
Wyndham Clark,51766,-0.041600000000000005,0.24615103764423443,-0.041600000000000005,0.092,-0.284,0.296,0.142,-0.041600000000000005,C,77,87,76,88,82,89,87
Brandt Snedeker,27649,-0.04334999999999997,0.34806608567914227,-0.04334999999999997,-0.306,-0.027,0.05,0.531,-0.04334999999999997,C,77,80,80,80,90,84,84
John Pak,59160,-0.04689999999999999,0.3316518003368392,-0.04689999999999999,-0.284,0.213,-0.015,-0.553,-0.04689999999999999,C,77,80,83,78,68,85,84
Adam Schenk,47347,-0.0513,0.09124828765516645,-0.0513,0.059,-0.088,-0.16,-0.054,-0.0513,C,77,86,79,73,78,97,91
Danny Walker,54607,-0.053,0.15856229059899457,-0.053,-0.043,-0.136,-0.016,0.235,-0.053,C,77,85,78,78,84,94,89
Hayden Springer,50484,-0.05625,0.2940804878487067,-0.05625,0.198,-0.281,-0.158,0.345,-0.05625,C,76,89,76,73,86,87,85
Tom Hoge,35532,-0.056600000000000004,0.381907929567673,-0.056600000000000004,-0.61,0.311,-0.009,-0.122,-0.056600000000000004,C,76,75,85,78,77,82,82
Takumi Kanaya,47917,-0.057300000000000025,0.34509660483213495,-0.057300000000000025,0.137,-0.401,0.325,0.333,-0.057300000000000025,C,76,88,75,89,86,84,83
Noah Goodwin,55165,-0.06815,0.10256217626396195,-0.06815,0.003,-0.164,-0.023,0.082,-0.06815,C,76,85,78,78,81,97,90
Zach Johnson,24024,-0.06895,0.33509899034961793,-0.06895,-0.369,0.009,-0.046,0.446,-0.06895,C,76,79,81,77,88,84,83
Tony Finau,29725,-0.06915000000000002,0.1612999276709902,-0.06915000000000002,-0.092,-0.135,0.206,-0.117,-0.06915000000000002,C,76,84,78,85,77,94,89
Matteo Manassero,33199,-0.07844999999999995,0.6858228026733048,-0.07844999999999995,-0.982,0.274,0.611,0.012,-0.07844999999999995,C,76,68,84,99,80,65,72
Will Gordon,56762,-0.07925000000000001,0.1974122167783274,-0.07925000000000001,0.078,-0.069,-0.224,-0.38,-0.07925000000000001,C,76,87,79,71,72,92,87
Mackenzie Hughes,35506,-0.0847,0.24015203517771821,-0.0847,-0.205,-0.171,0.311,0.071,-0.0847,C,76,82,78,89,81,89,86
Justin Lower,40162,-0.09115000000000001,0.09587839520281234,-0.09115000000000001,-0.1,-0.032,-0.255,-0.085,-0.09115000000000001,C,76,84,80,70,78,97,90
Chandler Phillips,57900,-0.0915,0.1960051019744129,-0.0915,-0.295,-0.064,0.182,-0.015,-0.0915,C,76,80,79,85,79,92,87
Luke List,27129,-0.09215,0.3148315687263059,-0.09215,0.371,-0.372,-0.137,-0.155,-0.09215,C,76,92,75,74,76,85,84
Brice Garnett,29535,-0.10660000000000003,0.1922210099512191,-0.10660000000000003,-0.043,-0.27,0.064,0.182,-0.10660000000000003,C,75,85,77,81,83,92,87
Jeremy Paul,50582,-0.11034999999999999,0.09468720434497295,-0.11034999999999999,-0.102,-0.182,-0.001,0.023,-0.11034999999999999,D,75,84,78,78,80,97,89
Paul Peterson,36824,-0.11629999999999996,0.37534017903762984,-0.11629999999999996,-0.568,0.011,0.131,0.295,-0.11629999999999996,D,75,76,81,83,85,82,81
Hayden Buckley,55708,-0.11985000000000001,0.2611238531169963,-0.11985000000000001,0.106,-0.127,-0.288,-0.513,-0.11985000000000001,D,75,87,79,69,69,88,84
Harry Higgs,33597,-0.12069999999999999,0.19201801130796733,-0.12069999999999999,0.049,-0.177,-0.373,0.002,-0.12069999999999999,D,75,86,78,66,79,92,87
Min Woo Lee,37378,-0.12279999999999999,0.33104330028965495,-0.12279999999999999,0.009,-0.43,0.346,0.161,-0.12279999999999999,D,75,86,74,90,83,85,83
Sahith Theegala,51634,-0.12795,0.07360423447963665,-0.12795,-0.158,-0.134,-0.015,-0.18,-0.12795,D,75,83,78,78,76,98,90
Karl Vilips,54304,-0.13019999999999998,0.1935964445265804,-0.13019999999999998,-0.284,0.042,-0.152,-0.411,-0.13019999999999998,D,75,80,81,73,71,92,87
Max Homa,39977,-0.13385,0.15582335083891202,-0.13385,0.005,-0.285,-0.096,0.073,-0.13385,D,75,85,76,75,81,94,88
Rikuya Hoshino,47056,-0.1366,0.13292353691753267,-0.1366,-0.022,-0.281,-0.021,-0.004,-0.1366,D,75,85,76,78,79,95,88
Patton Kizzire,32757,-0.1377,0.4117486085789079,-0.1377,-0.443,-0.122,0.506,-0.258,-0.1377,D,75,78,79,95,74,80,80
Quade Cummins,58605,-0.14654999999999999,0.2599012633033296,-0.14654999999999999,0.055,-0.345,-0.208,0.234,-0.14654999999999999,D,74,86,75,71,84,88,84
Taylor Montgomery,55789,-0.15745,0.6762861204155137,-0.15745,-0.637,-0.236,0.321,0.917,-0.15745,D,74,74,77,89,98,66,71
Beau Hossler,35461,-0.181,0.4091310914609155,-0.181,-0.286,-0.412,0.426,0.263,-0.181,D,74,80,74,93,85,80,79
Ben Silverman,39327,-0.18569999999999998,0.2830870007612501,-0.18569999999999998,-0.034,-0.457,0.071,0.195,-0.18569999999999998,D,73,85,74,81,83,87,82
Kevin Velo,58619,-0.2022,0.2310346294389653,-0.2022,-0.017,-0.291,-0.087,-0.531,-0.2022,D,73,85,76,75,69,90,84
Cam Davis,45157,-0.21249999999999997,0.14104697798960458,-0.21249999999999997,-0.347,-0.197,-0.125,-0.01,-0.21249999999999997,D,73,79,78,74,79,95,87
Camilo Villegas,27770,-0.2168,0.3891575302282269,-0.2168,-0.74,-0.019,0.035,0.085,-0.2168,D,73,73,80,80,81,81,79
Joe Highsmith,60067,-0.2222,0.125004999900004,-0.2222,-0.098,-0.362,-0.116,-0.125,-0.2222,D,73,84,75,74,77,96,87
Matthew Riedel,64693,-0.24625,0.193684451277501,-0.24625,-0.083,-0.308,-0.489,-0.094,-0.24625,D,72,84,76,62,77,92,84
Adam Hadwin,33399,-0.2514,0.21821147999131485,-0.2514,-0.146,-0.455,-0.053,0.051,-0.2514,D,72,83,74,77,80,91,84
Tim Widing,50474,-0.2546,0.17140011668607463,-0.2546,-0.009,-0.384,-0.36,-0.251,-0.2546,D,72,85,75,66,74,93,85
Sungjae Im,39971,-0.26015,0.6722709647158652,-0.26015,0.312,-0.984,0.531,0.094,-0.26015,D,72,91,66,96,81,66,70
Brian Campbell,46443,-0.27254999999999996,0.5702282437761216,-0.27254999999999996,-1.009,-0.028,0.131,0.231,-0.27254999999999996,D,71,68,80,83,84,72,72
Davis Riley,47995,-0.2866,0.38909210563395746,-0.2866,-0.455,-0.458,0.27,0.155,-0.2866,D,71,78,74,87,82,81,77
Matthieu Pavon,48153,-0.29379999999999995,0.31127627064501184,-0.29379999999999995,-0.006,-0.479,-0.545,0.053,-0.29379999999999995,D,71,85,74,60,80,86,80
Nick Dunlap,59866,-0.36065,0.788078887760187,-0.36065,-1.471,0.131,0.07,0.112,-0.36065,D,69,60,82,81,82,60,64
Kaito Onishi,55623,-0.3985,0.3445528503243975,-0.3985,-0.723,-0.378,-0.128,0.077,-0.3985,D,68,73,75,74,81,84,76
Rafael Campos,32070,-0.4036,0.18897861431036758,-0.4036,-0.386,-0.528,-0.282,-0.079,-0.4036,D,68,79,73,69,78,92,81
Taylor Dickson,51690,-0.41925,0.22164085062701472,-0.41925,-0.296,-0.62,-0.085,-0.387,-0.41925,D,68,80,71,76,72,90,80
Cristobal Del Solar,39859,-0.4267,0.3296587882442491,-0.4267,-0.66,-0.458,-0.222,0.107,-0.4267,D,68,74,74,71,82,85,77
Peter Malnati,34466,-0.44899999999999995,0.5121002506020347,-0.44899999999999995,-0.714,-0.64,0.332,0.034,-0.44899999999999995,D,67,73,71,90,80,75,70
Will Chandler,58933,-0.46280000000000004,0.4162173911151079,-0.46280000000000004,-0.09,-0.916,0.006,-0.245,-0.46280000000000004,D,67,84,67,79,74,80,73
Mason Andersen,52370,-0.49784999999999996,0.421703292217012,-0.49784999999999996,-0.463,-0.824,0.091,-0.018,-0.49784999999999996,D,66,77,69,81,79,80,72
Braden Thornberry,52144,-0.5268999999999999,0.5796593108599798,-0.5268999999999999,-0.595,-0.879,0.061,0.38,-0.5268999999999999,D,65,75,68,80,87,71,66
Frankie Capan III,49590,-0.6161500000000001,0.7344662461043847,-0.6161500000000001,-1.193,-0.672,-0.031,0.488,-0.6161500000000001,D,63,65,71,77,89,63,60
Ryan Palmer,23320,-0.7495,0.6603562170021067,-0.7495,-0.027,-1.417,-0.111,-0.871,-0.7495,D,60,85,60,75,62,67,60
